{"frames": [

{
	"filename": "branche-left",
	"frame": {"x":38,"y":339,"w":47,"h":22},
	"rotated": false,
	"trimmed": true,
	"spriteSourceSize": {"x":0,"y":2,"w":47,"h":22},
	"sourceSize": {"w":47,"h":24},
	"pivot": {"x":0.5,"y":0.5}
},
{
	"filename": "branche-right",
	"frame": {"x":47,"y":430,"w":56,"h":24},
	"rotated": false,
	"trimmed": true,
	"spriteSourceSize": {"x":1,"y":0,"w":56,"h":24},
	"sourceSize": {"w":57,"h":24},
	"pivot": {"x":0.5,"y":0.5}
},
{
	"filename": "climb-1",
	"frame": {"x":120,"y":20,"w":20,"h":25},
	"rotated": false,
	"trimmed": true,
	"spriteSourceSize": {"x":17,"y":18,"w":20,"h":25},
	"sourceSize": {"w":51,"h":45},
	"pivot": {"x":0.5,"y":0.5}
},
{
	"filename": "climb-2",
	"frame": {"x":72,"y":47,"w":22,"h":24},
	"rotated": false,
	"trimmed": true,
	"spriteSourceSize": {"x":14,"y":18,"w":22,"h":24},
	"sourceSize": {"w":51,"h":45},
	"pivot": {"x":0.5,"y":0.5}
},
{
	"filename": "climb-3",
	"frame": {"x":166,"y":20,"w":20,"h":25},
	"rotated": false,
	"trimmed": true,
	"spriteSourceSize": {"x":13,"y":18,"w":20,"h":25},
	"sourceSize": {"w":51,"h":45},
	"pivot": {"x":0.5,"y":0.5}
},
{
	"filename": "climb-4",
	"frame": {"x":48,"y":47,"w":22,"h":24},
	"rotated": false,
	"trimmed": true,
	"spriteSourceSize": {"x":14,"y":18,"w":22,"h":24},
	"sourceSize": {"w":51,"h":45},
	"pivot": {"x":0.5,"y":0.5}
},
{
	"filename": "climb-preview",
	"frame": {"x":26,"y":47,"w":20,"h":25},
	"rotated": false,
	"trimmed": true,
	"spriteSourceSize": {"x":17,"y":18,"w":20,"h":25},
	"sourceSize": {"w":51,"h":45},
	"pivot": {"x":0.5,"y":0.5}
},
{
	"filename": "crouch-1",
	"frame": {"x":120,"y":47,"w":22,"h":24},
	"rotated": false,
	"trimmed": true,
	"spriteSourceSize": {"x":16,"y":21,"w":22,"h":24},
	"sourceSize": {"w":51,"h":45},
	"pivot": {"x":0.5,"y":0.5}
},
{
	"filename": "crouch-2",
	"frame": {"x":142,"y":20,"w":22,"h":23},
	"rotated": false,
	"trimmed": true,
	"spriteSourceSize": {"x":16,"y":22,"w":22,"h":23},
	"sourceSize": {"w":51,"h":45},
	"pivot": {"x":0.5,"y":0.5}
},
{
	"filename": "crouch-3",
	"frame": {"x":2,"y":47,"w":22,"h":23},
	"rotated": false,
	"trimmed": true,
	"spriteSourceSize": {"x":16,"y":22,"w":22,"h":23},
	"sourceSize": {"w":51,"h":45},
	"pivot": {"x":0.5,"y":0.5}
},
{
	"filename": "crouch-preview",
	"frame": {"x":96,"y":47,"w":22,"h":24},
	"rotated": false,
	"trimmed": true,
	"spriteSourceSize": {"x":16,"y":21,"w":22,"h":24},
	"sourceSize": {"w":51,"h":45},
	"pivot": {"x":0.5,"y":0.5}
},
{
	"filename": "crouch-shot-1",
	"frame": {"x":24,"y":20,"w":21,"h":21},
	"rotated": false,
	"trimmed": true,
	"spriteSourceSize": {"x":16,"y":24,"w":21,"h":21},
	"sourceSize": {"w":51,"h":45},
	"pivot": {"x":0.5,"y":0.5}
},
{
	"filename": "crouch-shot-2",
	"frame": {"x":26,"y":138,"w":25,"h":25},
	"rotated": false,
	"trimmed": true,
	"spriteSourceSize": {"x":13,"y":20,"w":25,"h":25},
	"sourceSize": {"w":51,"h":45},
	"pivot": {"x":0.5,"y":0.5}
},
{
	"filename": "crouch-shot-3",
	"frame": {"x":112,"y":76,"w":26,"h":23},
	"rotated": false,
	"trimmed": true,
	"spriteSourceSize": {"x":12,"y":22,"w":26,"h":23},
	"sourceSize": {"w":51,"h":45},
	"pivot": {"x":0.5,"y":0.5}
},
{
	"filename": "crouch-shot-preview",
	"frame": {"x":144,"y":47,"w":22,"h":24},
	"rotated": false,
	"trimmed": true,
	"spriteSourceSize": {"x":16,"y":21,"w":22,"h":24},
	"sourceSize": {"w":51,"h":45},
	"pivot": {"x":0.5,"y":0.5}
},
{
	"filename": "enemy-death-1",
	"frame": {"x":38,"y":2,"w":16,"h":15},
	"rotated": false,
	"trimmed": true,
	"spriteSourceSize": {"x":21,"y":21,"w":16,"h":15},
	"sourceSize": {"w":64,"h":58},
	"pivot": {"x":0.5,"y":0.5}
},
{
	"filename": "enemy-death-2",
	"frame": {"x":2,"y":2,"w":16,"h":15},
	"rotated": false,
	"trimmed": true,
	"spriteSourceSize": {"x":21,"y":21,"w":16,"h":15},
	"sourceSize": {"w":64,"h":58},
	"pivot": {"x":0.5,"y":0.5}
},
{
	"filename": "enemy-death-3",
	"frame": {"x":87,"y":339,"w":39,"h":35},
	"rotated": false,
	"trimmed": true,
	"spriteSourceSize": {"x":10,"y":10,"w":39,"h":35},
	"sourceSize": {"w":64,"h":58},
	"pivot": {"x":0.5,"y":0.5}
},
{
	"filename": "enemy-death-4",
	"frame": {"x":58,"y":599,"w":60,"h":54},
	"rotated": false,
	"trimmed": true,
	"spriteSourceSize": {"x":1,"y":1,"w":60,"h":54},
	"sourceSize": {"w":64,"h":58},
	"pivot": {"x":0.5,"y":0.5}
},
{
	"filename": "enemy-death-5",
	"frame": {"x":114,"y":548,"w":55,"h":49},
	"rotated": false,
	"trimmed": true,
	"spriteSourceSize": {"x":4,"y":2,"w":55,"h":49},
	"sourceSize": {"w":64,"h":58},
	"pivot": {"x":0.5,"y":0.5}
},
{
	"filename": "enemy-death-6",
	"frame": {"x":2,"y":548,"w":46,"h":49},
	"rotated": false,
	"trimmed": true,
	"spriteSourceSize": {"x":6,"y":5,"w":46,"h":49},
	"sourceSize": {"w":64,"h":58},
	"pivot": {"x":0.5,"y":0.5}
},
{
	"filename": "enemy-death-7",
	"frame": {"x":2,"y":599,"w":54,"h":53},
	"rotated": false,
	"trimmed": true,
	"spriteSourceSize": {"x":4,"y":3,"w":54,"h":53},
	"sourceSize": {"w":64,"h":58},
	"pivot": {"x":0.5,"y":0.5}
},
{
	"filename": "enemy-death-preview",
	"frame": {"x":20,"y":2,"w":16,"h":15},
	"rotated": false,
	"trimmed": true,
	"spriteSourceSize": {"x":21,"y":21,"w":16,"h":15},
	"sourceSize": {"w":64,"h":58},
	"pivot": {"x":0.5,"y":0.5}
},
{
	"filename": "fence-snow",
	"frame": {"x":100,"y":655,"w":96,"h":37},
	"rotated": false,
	"trimmed": false,
	"spriteSourceSize": {"x":0,"y":0,"w":96,"h":37},
	"sourceSize": {"w":96,"h":37},
	"pivot": {"x":0.5,"y":0.5}
},
{
	"filename": "fence",
	"frame": {"x":2,"y":655,"w":96,"h":35},
	"rotated": false,
	"trimmed": true,
	"spriteSourceSize": {"x":0,"y":2,"w":96,"h":35},
	"sourceSize": {"w":96,"h":37},
	"pivot": {"x":0.5,"y":0.5}
},
{
	"filename": "fireball-1",
	"frame": {"x":132,"y":2,"w":25,"h":15},
	"rotated": false,
	"trimmed": true,
	"spriteSourceSize": {"x":0,"y":6,"w":25,"h":15},
	"sourceSize": {"w":29,"h":27},
	"pivot": {"x":0.5,"y":0.5}
},
{
	"filename": "fireball-2",
	"frame": {"x":56,"y":2,"w":21,"h":14},
	"rotated": false,
	"trimmed": true,
	"spriteSourceSize": {"x":2,"y":6,"w":21,"h":14},
	"sourceSize": {"w":29,"h":27},
	"pivot": {"x":0.5,"y":0.5}
},
{
	"filename": "fireball-3",
	"frame": {"x":159,"y":2,"w":25,"h":15},
	"rotated": false,
	"trimmed": true,
	"spriteSourceSize": {"x":0,"y":5,"w":25,"h":15},
	"sourceSize": {"w":29,"h":27},
	"pivot": {"x":0.5,"y":0.5}
},
{
	"filename": "fireball-4",
	"frame": {"x":106,"y":2,"w":24,"h":16},
	"rotated": false,
	"trimmed": true,
	"spriteSourceSize": {"x":2,"y":5,"w":24,"h":16},
	"sourceSize": {"w":29,"h":27},
	"pivot": {"x":0.5,"y":0.5}
},
{
	"filename": "fireball-5",
	"frame": {"x":47,"y":20,"w":25,"h":18},
	"rotated": false,
	"trimmed": true,
	"spriteSourceSize": {"x":0,"y":4,"w":25,"h":18},
	"sourceSize": {"w":29,"h":27},
	"pivot": {"x":0.5,"y":0.5}
},
{
	"filename": "fireball-hit-1",
	"frame": {"x":97,"y":20,"w":21,"h":23},
	"rotated": false,
	"trimmed": true,
	"spriteSourceSize": {"x":4,"y":2,"w":21,"h":23},
	"sourceSize": {"w":29,"h":27},
	"pivot": {"x":0.5,"y":0.5}
},
{
	"filename": "fireball-hit-2",
	"frame": {"x":2,"y":20,"w":20,"h":21},
	"rotated": false,
	"trimmed": true,
	"spriteSourceSize": {"x":5,"y":3,"w":20,"h":21},
	"sourceSize": {"w":29,"h":27},
	"pivot": {"x":0.5,"y":0.5}
},
{
	"filename": "fireball-hit-3",
	"frame": {"x":50,"y":170,"w":27,"h":25},
	"rotated": false,
	"trimmed": true,
	"spriteSourceSize": {"x":2,"y":1,"w":27,"h":25},
	"sourceSize": {"w":29,"h":27},
	"pivot": {"x":0.5,"y":0.5}
},
{
	"filename": "fireball-hit-4",
	"frame": {"x":54,"y":201,"w":28,"h":25},
	"rotated": false,
	"trimmed": true,
	"spriteSourceSize": {"x":1,"y":2,"w":28,"h":25},
	"sourceSize": {"w":29,"h":27},
	"pivot": {"x":0.5,"y":0.5}
},
{
	"filename": "fireball-hit-5",
	"frame": {"x":87,"y":233,"w":27,"h":27},
	"rotated": false,
	"trimmed": true,
	"spriteSourceSize": {"x":1,"y":0,"w":27,"h":27},
	"sourceSize": {"w":29,"h":27},
	"pivot": {"x":0.5,"y":0.5}
},
{
	"filename": "fireball-hit-6",
	"frame": {"x":31,"y":233,"w":27,"h":27},
	"rotated": false,
	"trimmed": true,
	"spriteSourceSize": {"x":1,"y":0,"w":27,"h":27},
	"sourceSize": {"w":29,"h":27},
	"pivot": {"x":0.5,"y":0.5}
},
{
	"filename": "fireball-hit-preview",
	"frame": {"x":74,"y":20,"w":21,"h":23},
	"rotated": false,
	"trimmed": true,
	"spriteSourceSize": {"x":4,"y":2,"w":21,"h":23},
	"sourceSize": {"w":29,"h":27},
	"pivot": {"x":0.5,"y":0.5}
},
{
	"filename": "fireball-preview",
	"frame": {"x":79,"y":2,"w":25,"h":15},
	"rotated": false,
	"trimmed": true,
	"spriteSourceSize": {"x":0,"y":6,"w":25,"h":15},
	"sourceSize": {"w":29,"h":27},
	"pivot": {"x":0.5,"y":0.5}
},
{
	"filename": "fox-1",
	"frame": {"x":123,"y":514,"w":58,"h":32},
	"rotated": false,
	"trimmed": true,
	"spriteSourceSize": {"x":5,"y":4,"w":58,"h":32},
	"sourceSize": {"w":76,"h":36},
	"pivot": {"x":0.5,"y":0.5}
},
{
	"filename": "fox-2",
	"frame": {"x":129,"y":385,"w":52,"h":27},
	"rotated": false,
	"trimmed": true,
	"spriteSourceSize": {"x":11,"y":7,"w":52,"h":27},
	"sourceSize": {"w":76,"h":36},
	"pivot": {"x":0.5,"y":0.5}
},
{
	"filename": "fox-3",
	"frame": {"x":2,"y":514,"w":59,"h":28},
	"rotated": false,
	"trimmed": true,
	"spriteSourceSize": {"x":4,"y":8,"w":59,"h":28},
	"sourceSize": {"w":76,"h":36},
	"pivot": {"x":0.5,"y":0.5}
},
{
	"filename": "fox-4",
	"frame": {"x":2,"y":468,"w":57,"h":25},
	"rotated": false,
	"trimmed": true,
	"spriteSourceSize": {"x":6,"y":11,"w":57,"h":25},
	"sourceSize": {"w":76,"h":36},
	"pivot": {"x":0.5,"y":0.5}
},
{
	"filename": "fox-5",
	"frame": {"x":76,"y":385,"w":51,"h":27},
	"rotated": false,
	"trimmed": true,
	"spriteSourceSize": {"x":11,"y":9,"w":51,"h":27},
	"sourceSize": {"w":76,"h":36},
	"pivot": {"x":0.5,"y":0.5}
},
{
	"filename": "fox-6",
	"frame": {"x":105,"y":430,"w":59,"h":22},
	"rotated": false,
	"trimmed": true,
	"spriteSourceSize": {"x":5,"y":14,"w":59,"h":22},
	"sourceSize": {"w":76,"h":36},
	"pivot": {"x":0.5,"y":0.5}
},
{
	"filename": "fox-preview",
	"frame": {"x":63,"y":514,"w":58,"h":32},
	"rotated": false,
	"trimmed": true,
	"spriteSourceSize": {"x":5,"y":4,"w":58,"h":32},
	"sourceSize": {"w":76,"h":36},
	"pivot": {"x":0.5,"y":0.5}
},
{
	"filename": "house",
	"frame": {"x":2,"y":868,"w":170,"h":126},
	"rotated": false,
	"trimmed": false,
	"spriteSourceSize": {"x":0,"y":0,"w":170,"h":126},
	"sourceSize": {"w":170,"h":126},
	"pivot": {"x":0.5,"y":0.5}
},
{
	"filename": "hurt-1",
	"frame": {"x":62,"y":301,"w":25,"h":36},
	"rotated": false,
	"trimmed": true,
	"spriteSourceSize": {"x":9,"y":8,"w":25,"h":36},
	"sourceSize": {"w":51,"h":45},
	"pivot": {"x":0.5,"y":0.5}
},
{
	"filename": "hurt-2",
	"frame": {"x":114,"y":265,"w":26,"h":32},
	"rotated": false,
	"trimmed": true,
	"spriteSourceSize": {"x":13,"y":12,"w":26,"h":32},
	"sourceSize": {"w":51,"h":45},
	"pivot": {"x":0.5,"y":0.5}
},
{
	"filename": "hurt-preview",
	"frame": {"x":89,"y":301,"w":25,"h":36},
	"rotated": false,
	"trimmed": true,
	"spriteSourceSize": {"x":9,"y":8,"w":25,"h":36},
	"sourceSize": {"w":51,"h":45},
	"pivot": {"x":0.5,"y":0.5}
},
{
	"filename": "idle-1",
	"frame": {"x":147,"y":138,"w":23,"h":28},
	"rotated": false,
	"trimmed": true,
	"spriteSourceSize": {"x":13,"y":17,"w":23,"h":28},
	"sourceSize": {"w":51,"h":45},
	"pivot": {"x":0.5,"y":0.5}
},
{
	"filename": "idle-2",
	"frame": {"x":129,"y":170,"w":23,"h":29},
	"rotated": false,
	"trimmed": true,
	"spriteSourceSize": {"x":13,"y":16,"w":23,"h":29},
	"sourceSize": {"w":51,"h":45},
	"pivot": {"x":0.5,"y":0.5}
},
{
	"filename": "idle-3",
	"frame": {"x":172,"y":233,"w":24,"h":30},
	"rotated": false,
	"trimmed": true,
	"spriteSourceSize": {"x":12,"y":15,"w":24,"h":30},
	"sourceSize": {"w":51,"h":45},
	"pivot": {"x":0.5,"y":0.5}
},
{
	"filename": "idle-4",
	"frame": {"x":154,"y":170,"w":24,"h":28},
	"rotated": false,
	"trimmed": true,
	"spriteSourceSize": {"x":12,"y":17,"w":24,"h":28},
	"sourceSize": {"w":51,"h":45},
	"pivot": {"x":0.5,"y":0.5}
},
{
	"filename": "idle-preview",
	"frame": {"x":172,"y":138,"w":23,"h":28},
	"rotated": false,
	"trimmed": true,
	"spriteSourceSize": {"x":13,"y":17,"w":23,"h":28},
	"sourceSize": {"w":51,"h":45},
	"pivot": {"x":0.5,"y":0.5}
},
{
	"filename": "jump-1",
	"frame": {"x":2,"y":201,"w":24,"h":29},
	"rotated": false,
	"trimmed": true,
	"spriteSourceSize": {"x":15,"y":16,"w":24,"h":29},
	"sourceSize": {"w":51,"h":45},
	"pivot": {"x":0.5,"y":0.5}
},
{
	"filename": "jump-2",
	"frame": {"x":144,"y":233,"w":26,"h":28},
	"rotated": false,
	"trimmed": true,
	"spriteSourceSize": {"x":13,"y":16,"w":26,"h":28},
	"sourceSize": {"w":51,"h":45},
	"pivot": {"x":0.5,"y":0.5}
},
{
	"filename": "jump-3",
	"frame": {"x":2,"y":233,"w":27,"h":27},
	"rotated": false,
	"trimmed": true,
	"spriteSourceSize": {"x":12,"y":17,"w":27,"h":27},
	"sourceSize": {"w":51,"h":45},
	"pivot": {"x":0.5,"y":0.5}
},
{
	"filename": "jump-4",
	"frame": {"x":33,"y":301,"w":27,"h":32},
	"rotated": false,
	"trimmed": true,
	"spriteSourceSize": {"x":11,"y":12,"w":27,"h":32},
	"sourceSize": {"w":51,"h":45},
	"pivot": {"x":0.5,"y":0.5}
},
{
	"filename": "jump-5",
	"frame": {"x":60,"y":233,"w":25,"h":29},
	"rotated": false,
	"trimmed": true,
	"spriteSourceSize": {"x":13,"y":15,"w":25,"h":29},
	"sourceSize": {"w":51,"h":45},
	"pivot": {"x":0.5,"y":0.5}
},
{
	"filename": "jump-preview",
	"frame": {"x":28,"y":201,"w":24,"h":29},
	"rotated": false,
	"trimmed": true,
	"spriteSourceSize": {"x":15,"y":16,"w":24,"h":29},
	"sourceSize": {"w":51,"h":45},
	"pivot": {"x":0.5,"y":0.5}
},
{
	"filename": "owl-1",
	"frame": {"x":101,"y":468,"w":41,"h":43},
	"rotated": false,
	"trimmed": true,
	"spriteSourceSize": {"x":13,"y":6,"w":41,"h":43},
	"sourceSize": {"w":64,"h":58},
	"pivot": {"x":0.5,"y":0.5}
},
{
	"filename": "owl-2",
	"frame": {"x":61,"y":468,"w":38,"h":44},
	"rotated": false,
	"trimmed": true,
	"spriteSourceSize": {"x":13,"y":6,"w":38,"h":44},
	"sourceSize": {"w":64,"h":58},
	"pivot": {"x":0.5,"y":0.5}
},
{
	"filename": "owl-3",
	"frame": {"x":2,"y":385,"w":37,"h":39},
	"rotated": false,
	"trimmed": true,
	"spriteSourceSize": {"x":13,"y":10,"w":37,"h":39},
	"sourceSize": {"w":64,"h":58},
	"pivot": {"x":0.5,"y":0.5}
},
{
	"filename": "owl-4",
	"frame": {"x":2,"y":430,"w":43,"h":36},
	"rotated": false,
	"trimmed": true,
	"spriteSourceSize": {"x":11,"y":12,"w":43,"h":36},
	"sourceSize": {"w":64,"h":58},
	"pivot": {"x":0.5,"y":0.5}
},
{
	"filename": "owl-5",
	"frame": {"x":41,"y":385,"w":33,"h":43},
	"rotated": false,
	"trimmed": true,
	"spriteSourceSize": {"x":13,"y":11,"w":33,"h":43},
	"sourceSize": {"w":64,"h":58},
	"pivot": {"x":0.5,"y":0.5}
},
{
	"filename": "owl-6",
	"frame": {"x":128,"y":339,"w":31,"h":44},
	"rotated": false,
	"trimmed": true,
	"spriteSourceSize": {"x":13,"y":10,"w":31,"h":44},
	"sourceSize": {"w":64,"h":58},
	"pivot": {"x":0.5,"y":0.5}
},
{
	"filename": "owl-7",
	"frame": {"x":161,"y":339,"w":37,"h":38},
	"rotated": false,
	"trimmed": true,
	"spriteSourceSize": {"x":12,"y":10,"w":37,"h":38},
	"sourceSize": {"w":64,"h":58},
	"pivot": {"x":0.5,"y":0.5}
},
{
	"filename": "owl-8",
	"frame": {"x":50,"y":548,"w":62,"h":36},
	"rotated": false,
	"trimmed": true,
	"spriteSourceSize": {"x":0,"y":11,"w":62,"h":36},
	"sourceSize": {"w":64,"h":58},
	"pivot": {"x":0.5,"y":0.5}
},
{
	"filename": "owl-preview",
	"frame": {"x":144,"y":468,"w":41,"h":43},
	"rotated": false,
	"trimmed": true,
	"spriteSourceSize": {"x":13,"y":6,"w":41,"h":43},
	"sourceSize": {"w":64,"h":58},
	"pivot": {"x":0.5,"y":0.5}
},
{
	"filename": "pine-snow",
	"frame": {"x":49,"y":694,"w":47,"h":99},
	"rotated": false,
	"trimmed": false,
	"spriteSourceSize": {"x":0,"y":0,"w":47,"h":99},
	"sourceSize": {"w":47,"h":99},
	"pivot": {"x":0.5,"y":0.5}
},
{
	"filename": "pine",
	"frame": {"x":2,"y":694,"w":45,"h":96},
	"rotated": false,
	"trimmed": true,
	"spriteSourceSize": {"x":0,"y":3,"w":45,"h":96},
	"sourceSize": {"w":47,"h":99},
	"pivot": {"x":0.5,"y":0.5}
},
{
	"filename": "run-1",
	"frame": {"x":2,"y":265,"w":25,"h":30},
	"rotated": false,
	"trimmed": true,
	"spriteSourceSize": {"x":12,"y":15,"w":25,"h":30},
	"sourceSize": {"w":51,"h":45},
	"pivot": {"x":0.5,"y":0.5}
},
{
	"filename": "run-2",
	"frame": {"x":142,"y":265,"w":27,"h":31},
	"rotated": false,
	"trimmed": true,
	"spriteSourceSize": {"x":10,"y":14,"w":27,"h":31},
	"sourceSize": {"w":51,"h":45},
	"pivot": {"x":0.5,"y":0.5}
},
{
	"filename": "run-3",
	"frame": {"x":2,"y":301,"w":29,"h":30},
	"rotated": false,
	"trimmed": true,
	"spriteSourceSize": {"x":6,"y":15,"w":29,"h":30},
	"sourceSize": {"w":51,"h":45},
	"pivot": {"x":0.5,"y":0.5}
},
{
	"filename": "run-4",
	"frame": {"x":116,"y":301,"w":32,"h":30},
	"rotated": false,
	"trimmed": true,
	"spriteSourceSize": {"x":5,"y":15,"w":32,"h":30},
	"sourceSize": {"w":51,"h":45},
	"pivot": {"x":0.5,"y":0.5}
},
{
	"filename": "run-5",
	"frame": {"x":139,"y":201,"w":24,"h":30},
	"rotated": false,
	"trimmed": true,
	"spriteSourceSize": {"x":11,"y":15,"w":24,"h":30},
	"sourceSize": {"w":51,"h":45},
	"pivot": {"x":0.5,"y":0.5}
},
{
	"filename": "run-6",
	"frame": {"x":83,"y":265,"w":29,"h":28},
	"rotated": false,
	"trimmed": true,
	"spriteSourceSize": {"x":7,"y":17,"w":29,"h":28},
	"sourceSize": {"w":51,"h":45},
	"pivot": {"x":0.5,"y":0.5}
},
{
	"filename": "run-7",
	"frame": {"x":2,"y":339,"w":34,"h":33},
	"rotated": false,
	"trimmed": true,
	"spriteSourceSize": {"x":1,"y":12,"w":34,"h":33},
	"sourceSize": {"w":51,"h":45},
	"pivot": {"x":0.5,"y":0.5}
},
{
	"filename": "run-8",
	"frame": {"x":150,"y":301,"w":33,"h":31},
	"rotated": false,
	"trimmed": true,
	"spriteSourceSize": {"x":4,"y":14,"w":33,"h":31},
	"sourceSize": {"w":51,"h":45},
	"pivot": {"x":0.5,"y":0.5}
},
{
	"filename": "run-preview",
	"frame": {"x":29,"y":265,"w":25,"h":30},
	"rotated": false,
	"trimmed": true,
	"spriteSourceSize": {"x":12,"y":15,"w":25,"h":30},
	"sourceSize": {"w":51,"h":45},
	"pivot": {"x":0.5,"y":0.5}
},
{
	"filename": "shot-1",
	"frame": {"x":165,"y":76,"w":25,"h":24},
	"rotated": false,
	"trimmed": true,
	"spriteSourceSize": {"x":11,"y":21,"w":25,"h":24},
	"sourceSize": {"w":51,"h":45},
	"pivot": {"x":0.5,"y":0.5}
},
{
	"filename": "shot-2",
	"frame": {"x":84,"y":201,"w":26,"h":27},
	"rotated": false,
	"trimmed": true,
	"spriteSourceSize": {"x":12,"y":17,"w":26,"h":27},
	"sourceSize": {"w":51,"h":45},
	"pivot": {"x":0.5,"y":0.5}
},
{
	"filename": "shot-3",
	"frame": {"x":171,"y":265,"w":25,"h":34},
	"rotated": false,
	"trimmed": true,
	"spriteSourceSize": {"x":13,"y":11,"w":25,"h":34},
	"sourceSize": {"w":51,"h":45},
	"pivot": {"x":0.5,"y":0.5}
},
{
	"filename": "shot-4",
	"frame": {"x":56,"y":265,"w":25,"h":30},
	"rotated": false,
	"trimmed": true,
	"spriteSourceSize": {"x":13,"y":15,"w":25,"h":30},
	"sourceSize": {"w":51,"h":45},
	"pivot": {"x":0.5,"y":0.5}
},
{
	"filename": "shot-preview",
	"frame": {"x":140,"y":76,"w":23,"h":26},
	"rotated": false,
	"trimmed": true,
	"spriteSourceSize": {"x":12,"y":19,"w":23,"h":26},
	"sourceSize": {"w":51,"h":45},
	"pivot": {"x":0.5,"y":0.5}
},
{
	"filename": "tall-tree",
	"frame": {"x":98,"y":694,"w":89,"h":172},
	"rotated": false,
	"trimmed": false,
	"spriteSourceSize": {"x":0,"y":0,"w":89,"h":172},
	"sourceSize": {"w":89,"h":172},
	"pivot": {"x":0.5,"y":0.5}
},
{
	"filename": "walk-1",
	"frame": {"x":104,"y":170,"w":23,"h":29},
	"rotated": false,
	"trimmed": true,
	"spriteSourceSize": {"x":14,"y":16,"w":23,"h":29},
	"sourceSize": {"w":51,"h":45},
	"pivot": {"x":0.5,"y":0.5}
},
{
	"filename": "walk-10",
	"frame": {"x":2,"y":106,"w":22,"h":27},
	"rotated": false,
	"trimmed": true,
	"spriteSourceSize": {"x":13,"y":18,"w":22,"h":27},
	"sourceSize": {"w":51,"h":45},
	"pivot": {"x":0.5,"y":0.5}
},
{
	"filename": "walk-11",
	"frame": {"x":90,"y":106,"w":21,"h":29},
	"rotated": false,
	"trimmed": true,
	"spriteSourceSize": {"x":14,"y":16,"w":21,"h":29},
	"sourceSize": {"w":51,"h":45},
	"pivot": {"x":0.5,"y":0.5}
},
{
	"filename": "walk-12",
	"frame": {"x":47,"y":106,"w":19,"h":30},
	"rotated": false,
	"trimmed": true,
	"spriteSourceSize": {"x":16,"y":15,"w":19,"h":30},
	"sourceSize": {"w":51,"h":45},
	"pivot": {"x":0.5,"y":0.5}
},
{
	"filename": "walk-13",
	"frame": {"x":24,"y":76,"w":19,"h":28},
	"rotated": false,
	"trimmed": true,
	"spriteSourceSize": {"x":16,"y":17,"w":19,"h":28},
	"sourceSize": {"w":51,"h":45},
	"pivot": {"x":0.5,"y":0.5}
},
{
	"filename": "walk-14",
	"frame": {"x":68,"y":106,"w":20,"h":30},
	"rotated": false,
	"trimmed": true,
	"spriteSourceSize": {"x":16,"y":15,"w":20,"h":30},
	"sourceSize": {"w":51,"h":45},
	"pivot": {"x":0.5,"y":0.5}
},
{
	"filename": "walk-15",
	"frame": {"x":89,"y":76,"w":21,"h":27},
	"rotated": false,
	"trimmed": true,
	"spriteSourceSize": {"x":16,"y":18,"w":21,"h":27},
	"sourceSize": {"w":51,"h":45},
	"pivot": {"x":0.5,"y":0.5}
},
{
	"filename": "walk-16",
	"frame": {"x":168,"y":47,"w":20,"h":27},
	"rotated": false,
	"trimmed": true,
	"spriteSourceSize": {"x":16,"y":18,"w":20,"h":27},
	"sourceSize": {"w":51,"h":45},
	"pivot": {"x":0.5,"y":0.5}
},
{
	"filename": "walk-2",
	"frame": {"x":136,"y":106,"w":23,"h":27},
	"rotated": false,
	"trimmed": true,
	"spriteSourceSize": {"x":13,"y":18,"w":23,"h":27},
	"sourceSize": {"w":51,"h":45},
	"pivot": {"x":0.5,"y":0.5}
},
{
	"filename": "walk-3",
	"frame": {"x":113,"y":106,"w":21,"h":29},
	"rotated": false,
	"trimmed": true,
	"spriteSourceSize": {"x":14,"y":16,"w":21,"h":29},
	"sourceSize": {"w":51,"h":45},
	"pivot": {"x":0.5,"y":0.5}
},
{
	"filename": "walk-4",
	"frame": {"x":26,"y":106,"w":19,"h":30},
	"rotated": false,
	"trimmed": true,
	"spriteSourceSize": {"x":16,"y":15,"w":19,"h":30},
	"sourceSize": {"w":51,"h":45},
	"pivot": {"x":0.5,"y":0.5}
},
{
	"filename": "walk-5",
	"frame": {"x":45,"y":76,"w":19,"h":28},
	"rotated": false,
	"trimmed": true,
	"spriteSourceSize": {"x":16,"y":17,"w":19,"h":28},
	"sourceSize": {"w":51,"h":45},
	"pivot": {"x":0.5,"y":0.5}
},
{
	"filename": "walk-6",
	"frame": {"x":100,"y":138,"w":20,"h":30},
	"rotated": false,
	"trimmed": true,
	"spriteSourceSize": {"x":16,"y":15,"w":20,"h":30},
	"sourceSize": {"w":51,"h":45},
	"pivot": {"x":0.5,"y":0.5}
},
{
	"filename": "walk-7",
	"frame": {"x":66,"y":76,"w":21,"h":27},
	"rotated": false,
	"trimmed": true,
	"spriteSourceSize": {"x":16,"y":18,"w":21,"h":27},
	"sourceSize": {"w":51,"h":45},
	"pivot": {"x":0.5,"y":0.5}
},
{
	"filename": "walk-8",
	"frame": {"x":2,"y":76,"w":20,"h":27},
	"rotated": false,
	"trimmed": true,
	"spriteSourceSize": {"x":16,"y":18,"w":20,"h":27},
	"sourceSize": {"w":51,"h":45},
	"pivot": {"x":0.5,"y":0.5}
},
{
	"filename": "walk-9",
	"frame": {"x":2,"y":170,"w":22,"h":29},
	"rotated": false,
	"trimmed": true,
	"spriteSourceSize": {"x":14,"y":16,"w":22,"h":29},
	"sourceSize": {"w":51,"h":45},
	"pivot": {"x":0.5,"y":0.5}
},
{
	"filename": "walk-preview",
	"frame": {"x":79,"y":170,"w":23,"h":29},
	"rotated": false,
	"trimmed": true,
	"spriteSourceSize": {"x":14,"y":16,"w":23,"h":29},
	"sourceSize": {"w":51,"h":45},
	"pivot": {"x":0.5,"y":0.5}
},
{
	"filename": "yeti-1",
	"frame": {"x":165,"y":201,"w":26,"h":28},
	"rotated": false,
	"trimmed": true,
	"spriteSourceSize": {"x":3,"y":5,"w":26,"h":28},
	"sourceSize": {"w":35,"h":33},
	"pivot": {"x":0.5,"y":0.5}
},
{
	"filename": "yeti-2",
	"frame": {"x":112,"y":201,"w":25,"h":28},
	"rotated": false,
	"trimmed": true,
	"spriteSourceSize": {"x":5,"y":5,"w":25,"h":28},
	"sourceSize": {"w":35,"h":33},
	"pivot": {"x":0.5,"y":0.5}
},
{
	"filename": "yeti-3",
	"frame": {"x":2,"y":138,"w":22,"h":28},
	"rotated": false,
	"trimmed": true,
	"spriteSourceSize": {"x":7,"y":5,"w":22,"h":28},
	"sourceSize": {"w":35,"h":33},
	"pivot": {"x":0.5,"y":0.5}
},
{
	"filename": "yeti-4",
	"frame": {"x":53,"y":138,"w":21,"h":29},
	"rotated": false,
	"trimmed": true,
	"spriteSourceSize": {"x":8,"y":4,"w":21,"h":29},
	"sourceSize": {"w":35,"h":33},
	"pivot": {"x":0.5,"y":0.5}
},
{
	"filename": "yeti-5",
	"frame": {"x":26,"y":170,"w":22,"h":29},
	"rotated": false,
	"trimmed": true,
	"spriteSourceSize": {"x":7,"y":4,"w":22,"h":29},
	"sourceSize": {"w":35,"h":33},
	"pivot": {"x":0.5,"y":0.5}
},
{
	"filename": "yeti-6",
	"frame": {"x":122,"y":138,"w":23,"h":28},
	"rotated": false,
	"trimmed": true,
	"spriteSourceSize": {"x":6,"y":5,"w":23,"h":28},
	"sourceSize": {"w":35,"h":33},
	"pivot": {"x":0.5,"y":0.5}
},
{
	"filename": "yeti-7",
	"frame": {"x":76,"y":138,"w":22,"h":28},
	"rotated": false,
	"trimmed": true,
	"spriteSourceSize": {"x":7,"y":5,"w":22,"h":28},
	"sourceSize": {"w":35,"h":33},
	"pivot": {"x":0.5,"y":0.5}
},
{
	"filename": "yeti-8",
	"frame": {"x":161,"y":106,"w":21,"h":29},
	"rotated": false,
	"trimmed": true,
	"spriteSourceSize": {"x":8,"y":4,"w":21,"h":29},
	"sourceSize": {"w":35,"h":33},
	"pivot": {"x":0.5,"y":0.5}
},
{
	"filename": "yeti-preview",
	"frame": {"x":116,"y":233,"w":26,"h":28},
	"rotated": false,
	"trimmed": true,
	"spriteSourceSize": {"x":3,"y":5,"w":26,"h":28},
	"sourceSize": {"w":35,"h":33},
	"pivot": {"x":0.5,"y":0.5}
}],
"meta": {
	"app": "http://www.codeandweb.com/texturepacker",
	"version": "1.0",
	"image": "atlas.png",
	"format": "RGBA8888",
	"size": {"w":200,"h":996},
	"scale": "1",
	"smartupdate": "$TexturePacker:SmartUpdate:de8f04e72744c114aa07f46b7ede75c1:96ff293ba5b57619a1aac33140d3d87d:cbce6b53f0f49e0bf15173c25c41f876$"
}
}
